{"cameraMode":{"drawMode":0,"name":"Shaded","section":"Shading Mode"},"sceneLighting":true,"audioPlay":false,"sceneViewState":{"m_AlwaysRefresh":false,"showFog":true,"showSkybox":true,"showFlares":true,"showImageEffects":true,"showParticleSystems":true,"showVisualEffectGraphs":true,"m_FxEnabled":true},"in2DMode":false,"pivot":{"x":-9.668339729309082,"y":19.360254287719728,"z":-1.0479588508605958},"rotation":{"x":0.0853823646903038,"y":-0.01793394796550274,"z":0.001536885742098093,"w":0.9961921572685242},"size":2.0223326683044435,"orthographic":false}